<?xml version="1.0"?>
<doc>
    <assembly>
        <name>NationalTraining</name>
    </assembly>
    <members>
        <member name="M:NationalTraining.Controllers.CourseController.createCourse(NationalTraining.Data.Course)">
            <summary>
            To create new course
            </summary>
        </member>
        <member name="M:NationalTraining.Controllers.CourseController.updateCourse(NationalTraining.Data.UpdateCourse)">
            <summary>
            To update particular course
            </summary>
        </member>
        <member name="M:NationalTraining.Controllers.CourseController.deleteCourse(System.Int32)">
            <summary>
            To delete course
            </summary>
        </member>
        <member name="M:NationalTraining.Controllers.CourseController.listCourse(System.Int32,System.Int32,System.String,System.String,System.String,System.String)">
             <summary>
            list all course object
             </summary>
        </member>
        <member name="M:NationalTraining.Controllers.CourseController.selectCourse(System.Int32)">
            <summary>
            To  select course object
            </summary>
        </member>
        <member name="M:NationalTraining.Controllers.CourseController.createCourseContent(NationalTraining.Data.CourseContent)">
            <summary>
            To create media content for particular course
            </summary>
        </member>
        <member name="M:NationalTraining.Controllers.CourseController.updateCourseContent(NationalTraining.Data.UpdateCourseContent)">
            <summary>
            To update particular course content
            </summary>
        </member>
        <member name="M:NationalTraining.Controllers.CourseController.deleteCourseContent(System.Int32)">
            <summary>
            To delete particular media content
            </summary>
        </member>
        <member name="M:NationalTraining.Controllers.CourseController.selectCourseContent(System.Int32)">
             <summary>
            list all  course with corresponding media content
             </summary>
        </member>
        <member name="M:NationalTraining.Controllers.LoginController.login(NationalTraining.Models.login)">
            <summary>
            
            To Login
            </summary>
        </member>
        <member name="M:NationalTraining.Controllers.UploadFileController.uploadFile(Microsoft.AspNetCore.Http.IFormFile)">
            <summary>
            To uploadFile image for mobile
            </summary>
        </member>
        <member name="M:NationalTraining.Controllers.UploadFileController.UploadFileBase64(NationalTraining.Models.UploadModel)">
            <summary>
            To uploadFile image for web
            </summary>
        </member>
        <member name="M:NationalTraining.Controllers.UserController.createUser(NationalTraining.Models.user)">
            <summary>
            To create new User
            </summary>
        </member>
        <member name="M:NationalTraining.Controllers.UserController.updateUser(NationalTraining.Models.updateUser)">
            <summary>
            To update particular User
            </summary>
        </member>
        <member name="M:NationalTraining.Controllers.UserController.deleteUser(System.Int32)">
            <summary>
            To delete user by id
            </summary>
        </member>
        <member name="M:NationalTraining.Controllers.UserController.listUser(System.Int32,System.Int32,System.String,System.String,System.String,System.String,System.String)">
             <summary>
            list all active Users
             </summary>
        </member>
        <member name="M:NationalTraining.Controllers.UserController.selectUserById(System.Int32)">
            <summary>
            To  select UserById
            </summary>
        </member>
        <member name="M:NationalTraining.Controllers.UserController.generateOTP(NationalTraining.Models.generateOTP)">
            <summary>
            To generateOTP for forgot password
            </summary>
        </member>
        <member name="M:NationalTraining.Controllers.UserController.forgetPassword(NationalTraining.Models.forgetPassword)">
            <summary>
            To update forgetPassword
            </summary>
        </member>
        <member name="M:NationalTraining.Controllers.UserController.verifyOTP(NationalTraining.Models.OTPverify)">
            <summary>
            To verify OTP is valid or not
            </summary>
        </member>
        <member name="M:NationalTraining.Controllers.VehicleTypeController.createVehicleType(NationalTraining.Models.VehicleTypes)">
            <summary>
            To create new Vehicle Type
            </summary>
        </member>
        <member name="M:NationalTraining.Controllers.VehicleTypeController.updateVehicleType(NationalTraining.Models.UpdateVehicleType)">
            <summary>
            To update particular Vehicle Type
            </summary>
        </member>
        <member name="M:NationalTraining.Controllers.VehicleTypeController.deleteVehicleType(System.Int32)">
            <summary>
            To delete vehicle Type
            </summary>
        </member>
        <member name="M:NationalTraining.Controllers.VehicleTypeController.listVehicleType(System.Int32,System.Int32,System.String,System.String)">
             <summary>
            list all vehicle type object
             </summary>
        </member>
        <member name="M:NationalTraining.Controllers.VehicleTypeController.selectVehicleType(System.Int32)">
            <summary>
            To  select Vehicle Type
            </summary>
        </member>
    </members>
</doc>
